Densidad,Hombres,Mujeres,Poblaci√≥n
0.8562500000000001,0.9899766544863987,0.9998035528863696,0.8549592889220559
0.55,0.5567904993909866,0.5372267280330032,0.5475006996175424
0.2,0.20767356881851404,0.18990823113406116,0.19922442398155676
0.90625,0.8805064961429151,0.937361434625207,0.907503897869165
0.91875,0.9186205846528622,0.9234417534308088,0.9209099025865861
0.21875,0.23002943564758424,0.21033873095164599,0.22067936194880133
0.8125,0.7827344701583434,0.8498021496927007,0.8145813621886702
0.8500000000000001,0.8189707673568817,0.880868857519715,0.8483628949507603
0.55,0.5568158749492489,0.5472735947015408,0.5522847510027852
0.8875,0.8631749898497767,0.9181938091095334,0.8893005157180742
0.2625,0.27552781161185547,0.2523503493952236,0.26453538732159754
0.8375,0.8325466910272026,0.8438245446636545,0.8379019469356751
0.11875000000000002,0.12456861550954121,0.11497768922066626,0.12001439213230106
0.36875,0.38144539179861947,0.35116324755142714,0.3670526778694314
0.1,0.1053339423467316,0.09783066258805045,0.10175770578750284
0.6625000000000001,0.67760353227771,0.6427188280526479,0.6610386322143895
0.6937500000000001,0.7095513601299228,0.6789773524541858,0.6950333817513092
0.04375000000000001,0.04422959805115714,0.042236129430584024,0.04326967924201436
0.03125,0.03255684125050751,0.031235091067269127,0.03192921203075655
0.98125,0.9830998781973203,0.980888502231078,0.9820498127690196
0.7250000000000001,0.7329983759642711,0.716470687284259,0.7251502511960128
0.7312500000000001,0.7378958587088914,0.728453961215727,0.7334124012206661
0.75,0.7541615915550142,0.7496983133612102,0.7520422169214163
0.28750000000000003,0.29821356069833527,0.2737350209075857,0.2865899974680508
0.8,0.7722036134794965,0.8390536861897679,0.803947175544036
0.6000000000000001,0.6138855054811205,0.5857491650997672,0.6005250463080183
0.06875,0.06973203410475029,0.06611848567339265,0.06800282512226649
0.30625,0.3204425497360942,0.2947548620660624,0.30824482616169824
0.46875,0.48015631343889564,0.4554205371425365,0.46841060220412845
0.74375,0.7624593991067803,0.7222518451996746,0.7433669593955304
0.24375000000000002,0.25271518473406407,0.23119018886986784,0.24249410322357112
0.9312500000000001,0.9124543239951278,0.9579322538096711,0.93404938633547
0.7562500000000001,0.7522838002436052,0.7646002301237618,0.7581322210524913
0.9125000000000001,0.8873071457572067,0.943086464793871,0.9137937927266429
0.18125000000000002,0.18585058871295165,0.1702073920242472,0.17842246238722836
0.4125,0.4260556232237108,0.3984789380630315,0.4129609146999641
0.51875,0.5294356475842468,0.5091909185305756,0.5198224970349542
0.75,0.7526390580592772,0.7540201498610839,0.7532948654735412
0.1375,0.14438692651238325,0.13268599332079814,0.13881744646260047
0.8,0.7707572066585464,0.8402604327449275,0.8037606108660599
0.75,0.7484520909460007,0.7550865770493644,0.7516024573233299
0.9000000000000001,0.8960617133576939,0.901411612830803,0.8986020975200224
0.0,0.0,0.0,0.0
0.76875,0.762078765732846,0.7769202705357394,0.7691262110046508
0.83125,0.7982135606983353,0.8652934077961442,0.8300662304606815
0.35000000000000003,0.3623375964271214,0.3336513905649259,0.348716035234072
1.0,0.9999999999999999,1.0,1.0
0.7312500000000001,0.7437576126674785,0.7172564757387816,0.7311736250849536
0.15625,0.16476349979699553,0.15115202200207675,0.15830012926266973
0.4375,0.4482338611449451,0.42303482726685937,0.43626817339854207
